"","common_nodes"
"1","Phenylobacterium immobile"
"2","Shewanella putrefaciens"
"3","Vitreoscilla stercoraria"
"4","Vitreoscilla filiformis"
"5","Lysobacter enzymogenes"
"6","Treponema succinifaciens"
"7","Novispirillum itersonii"
"8","Aquaspirillum serpens"
"9","Campylobacter coli"
"10","Flavobacterium aquatile"
"11","Empedobacter brevis"
"12","Chryseobacterium gleum"
"13","Sphingobacterium spiritivorum"
"14","Paracoccus denitrificans"
"15","Comamonas testosteroni"
"16","Pseudomonas aeruginosa"
"17","Brevundimonas diminuta"
"18","Pseudomonas fluorescens"
"19","Pseudomonas fragi"
"20","Hydrogenophilus thermoluteolus"
"21","Pseudomonas mendocina"
"22","Pseudomonas oleovorans"
"23","Pseudomonas putida"
"24","Ralstonia pickettii"
"25","Xanthomonas campestris"
"26","Xanthomonas translucens"
"27","Xanthomonas citri"
"28","Agrobacterium tumefaciens"
"29","Methylorubrum extorquens"
"30","Acidomonas methanolica"
"31","Acinetobacter baumannii"
"32","Neisseria flavescens"
"33","Neisseria meningitidis"
"34","Neisseria mucosa"
"35","Bergeriella denitrificans"
"36","Kingella denitrificans"
"37","Kingella oralis"
"38","Alcaligenes faecalis"
"39","Ochrobactrum anthropi"
"40","Eikenella corrodens"
"41","Zymomonas mobilis"
"42","Citrobacter koseri"
"43","Citrobacter freundii"
"44","Klebsiella aerogenes"
"45","Pantoea agglomerans"
"46","Enterobacter cloacae"
"47","Escherichia coli"
"48","Escherichia fergusonii"
"49","Atlantibacter hermannii"
"50","Pseudescherichia vulneris"
"51","Hafnia alvei"
"52","Klebsiella oxytoca"
"53","Klebsiella pneumoniae"
"54","Raoultella planticola"
"55","Raoultella terrigena"
"56","Kluyvera cryocrescens"
"57","Providencia rettgeri"
"58","Serratia liquefaciens"
"59","Serratia marcescens"
"60","Shigella dysenteriae"
"61","Shigella flexneri"
"62","Shigella sonnei"
"63","Yersinia enterocolitica"
"64","Yersinia intermedia"
"65","Yersinia pestis"
"66","Aeromonas hydrophila"
"67","Aeromonas salmonicida"
"68","Aeromonas caviae"
"69","Aeromonas eucrenophila"
"70","Aeromonas media"
"71","Aeromonas veronii"
"72","Vibrio cholerae"
"73","Plesiomonas shigelloides"
"74","Actinobacillus pleuropneumoniae"
"75","Haemophilus parainfluenzae"
"76","Bacteroides fragilis"
"77","Bacteroides thetaiotaomicron"
"78","Bacteroides uniformis"
"79","Phocaeicola vulgatus"
"80","Parabacteroides distasonis"
"81","Sebaldella termitidis"
"82","Oxalobacter formigenes"
"83","Fusobacterium mortiferum"
"84","Faecalibacterium prausnitzii"
"85","Desulfovibrio desulfuricans"
"86","Desulfovibrio vulgaris"
"87","Desulfovibrio longus"
"88","Desulfobulbus propionicus"
"89","Desulfomicrobium baculatum"
"90","Desulfovibrio piger"
"91","Acidaminococcus fermentans"
"92","Megasphaera elsdenii"
"93","Nitrosomonas europaea"
"94","Nitrosomonas eutropha"
"95","Thiomonas intermedia"
"96","Acidithiobacillus thiooxidans"
"97","Oceanospirillum linum"
"98","Selenomonas ruminantium"
"99","Flavobacterium hydatis"
"100","Thermoflexibacter ruber"
"101","Rhodopseudomonas palustris"
"102","Leuconostoc mesenteroides"
"103","Leuconostoc lactis"
"104","Pediococcus pentosaceus"
"105","Peptostreptococcus anaerobius"
"106","Ruminococcus flavefaciens"
"107","Micrococcus luteus"
"108","Micrococcus lylae"
"109","Staphylococcus aureus"
"110","Streptococcus salivarius"
"111","Streptococcus sanguinis"
"112","Streptococcus suis"
"113","Streptococcus thermophilus"
"114","Streptococcus agalactiae"
"115","Streptococcus parasanguinis"
"116","Blautia hansenii"
"117","Faecalicoccus pleomorphus"
"118","Streptococcus acidominimus"
"119","Streptococcus dysgalactiae"
"120","Streptococcus equinus"
"121","Streptococcus vestibularis"
"122","Streptococcus ferus"
"123","Streptococcus parauberis"
"124","Enterococcus faecalis"
"125","Enterococcus faecium"
"126","Lactococcus lactis"
"127","Lactococcus garvieae"
"128","Lactococcus piscium"
"129","Lactococcus raffinolactis"
"130","Aerococcus viridans"
"131","Bacillus thuringiensis"
"132","Clostridioides difficile"
"133","Clostridium sporogenes"
"134","Acetoanaerobium sticklandii"
"135","[Clostridium] symbiosum"
"136","Clostridium beijerinckii"
"137","[Clostridium] innocuum"
"138","[Clostridium] aminophilum"
"139","Anaerocolumna aminovalerica"
"140","Enterocloster clostridioformis"
"141","[Clostridium] leptum"
"142","Erysipelatoclostridium ramosum"
"143","Peptoclostridium litorale"
"144","Lactobacillus acidophilus"
"145","Lactobacillus brevis"
"146","Lactobacillus delbrueckii"
"147","Lactobacillus helveticus"
"148","Lactiplantibacillus plantarum"
"149","Lacticaseibacillus paracasei"
"150","Amylolactobacillus amylophilus"
"151","Lactobacillus amylovorus"
"152","Limosilactobacillus fermentum"
"153","Lactobacillus ruminis"
"154","Ligilactobacillus salivarius"
"155","Lactobacillus sanfranciscensis"
"156","Kandleria vitulina"
"157","Listeria monocytogenes"
"158","Listeria innocua"
"159","Erysipelothrix rhusiopathiae"
"160","Actinomyces israelii"
"161","Trueperella pyogenes"
"162","Bifidobacterium adolescentis"
"163","Bifidobacterium bifidum"
"164","Bifidobacterium angulatum"
"165","Bifidobacterium breve"
"166","Bifidobacterium catenulatum"
"167","Bifidobacterium dentium"
"168","Bifidobacterium minimum"
"169","Oerskovia turbata"
"170","Corynebacterium diphtheriae"
"171","Peptoclostridium acidaminophilum"
"172","Holdemanella biformis"
"173","Propionibacterium freudenreichii"
"174","Cutibacterium acnes"
"175","Acidipropionibacterium thoenii"
"176","Mycolicibacterium fallax"
"177","Rhodococcus fascians"
"178","Rhodococcus erythropolis"
"179","Desulfobacter postgatei"
"180","Acetonema longum"
"181","Gardnerella vaginalis"
"182","Vagococcus fluvialis"
"183","Carnobacterium divergens"
"184","Carnobacterium gallinarum"
"185","Carnobacterium maltaromaticum"
"186","Brochothrix thermosphacta"
"187","Sphingomonas paucimobilis"
"188","Sphingobium yanoikuyae"
"189","Bifidobacterium animalis"
"190","Bifidobacterium pseudocatenulatum"
"191","Lactobacillus curvatus"
"192","Rhodoferax fermentans"
"193","Legionella birminghamensis"
"194","Acinetobacter lwoffii"
"195","Burkholderia gladioli"
"196","Bacteroides eggerthii"
"197","Bacteroides ovatus"
"198","Alistipes putredinis"
"199","Odoribacter splanchnicus"
"200","Porphyromonas endodontalis"
"201","Prevotella bivia"
"202","Prevotella buccae"
"203","Prevotella buccalis"
"204","Prevotella corporis"
"205","Prevotella denticola"
"206","Prevotella disiens"
"207","Prevotella intermedia"
"208","Prevotella melaninogenica"
"209","Prevotella nigrescens"
"210","Prevotella oris"
"211","Prevotella oulorum"
"212","Prevotella veroralis"
"213","Rikenella microfusus"
"214","Cronobacter sakazakii"
"215","Arcobacter butzleri"
"216","Arcobacter skirrowii"
"217","Sphingomonas adhaesiva"
"218","Brachymonas denitrificans"
"219","Carnobacterium alterfunditum"
"220","Geotoga petraea"
"221","Neisseria subflava"
"222","Salmonella enterica"
"223","[Clostridium] scindens"
"224","Ruminiclostridium cellobioparum"
"225","Asaccharospora irregularis"
"226","Tyzzerella nexilis"
"227","Hathewaya proteolytica"
"228","Microlunatus phosphovorus"
"229","Nitrobacter vulgaris"
"230","Acinetobacter haemolyticus"
"231","Psychrobacter phenylpyruvicus"
"232","Pseudomonas tolaasii"
"233","Veillonella parvula"
"234","Pectobacterium atrosepticum"
"235","Yersinia frederiksenii"
"236","Vibrio furnissii"
"237","Desulfomicrobium escambiense"
"238","Flavobacterium saccharophilum"
"239","Flavobacterium succinicans"
"240","Amedibacillus dolichus"
"241","Achromobacter denitrificans"
"242","Acidovorax konjaci"
"243","Phascolarctobacterium faecium"
"244","Blautia producta"
"245","[Ruminococcus] gnavus"
"246","[Ruminococcus] torques"
"247","Coprococcus eutactus"
"248","Sphingopyxis macrogoltabida"
"249","Sphingopyxis terrae"
"250","Acidithiobacillus caldus"
"251","Brevibacterium casei"
"252","Bifidobacterium thermophilum"
"253","Enterococcus avium"
"254","Clostridium magnum"
"255","Leuconostoc citreum"
"256","Leuconostoc pseudomesenteroides"
"257","Exiguobacterium aurantiacum"
"258","Paracoccus alcaliphilus"
"259","Paracoccus aminophilus"
"260","Paracoccus aminovorans"
"261","Paracoccus versutus"
"262","Leptothrix cholodnii"
"263","Rahnella aquatilis"
"264","Moraxella atlantae"
"265","Moraxella cuniculi"
"266","Moraxella osloensis"
"267","Variovorax paradoxus"
"268","Sphaerotilus natans"
"269","[Eubacterium] brachy"
"270","[Eubacterium] nodatum"
"271","Geobacter sulfurreducens"
"272","Citrobacter amalonaticus"
"273","Corynebacterium pilosum"
"274","Bilophila wadsworthia"
"275","Microbacterium aurum"
"276","Clostridium celatum"
"277","Maledivibacter halophilus"
"278","Anaerotignum neopropionicum"
"279","Thiobacillus denitrificans"
"280","Enterococcus casseliflavus"
"281","Dietzia maris"
"282","Thermocrispum municipale"
"283","Corynebacterium jeikeium"
"284","Desulfuromonas acetexigens"
"285","Megasphaera cerevisiae"
"286","Skermania piniformis"
"287","Andreesenia angusta"
"288","Faecalicatena contorta"
"289","Faecalitalea cylindroides"
"290","Agathobaculum desmolans"
"291","Lachnospira eligens"
"292","Dorea formicigenerans"
"293","Anaerobutyricum hallii"
"294","Eubacterium ramulus"
"295","Eubacterium rectale CAG:36"
"296","[Eubacterium] siraeum"
"297","Eubacterium ventriosum"
"298","Veillonella atypica"
"299","Veillonella dispar"
"300","Acinetobacter johnsonii"
"301","Acinetobacter junii"
"302","Acinetobacter radioresistens"
"303","Stenotrophomonas maltophilia"
"304","Ruminococcus bromii"
"305","Ruminococcus callidus"
"306","Blautia obeum"
"307","Sutterella wadsworthensis"
"308","Succiniclasticum ruminis"
"309","Brevundimonas vesicularis"
"310","Azoarcus communis"
"311","Enterococcus saccharolyticus"
"312","Trichococcus pasteurii"
"313","Tissierella praeacuta"
"314","Pseudomonas alcaligenes"
"315","Butyrivibrio proteoclasticus"
"316","Paenarthrobacter aurescens"
"317","Rothia mucilaginosa"
"318","Syntrophus gentianae"
"319","Tolumonas auensis"
"320","Johnsonella ignava"
"321","Catonella morbi"
"322","Enterococcus pseudoavium"
"323","Enterococcus cecorum"
"324","Desulfovibrio fairfieldensis"
"325","Sporobacter termitidis"
"326","Dysgonomonas capnocytophagoides"
"327","Psychrobacter urativorans"
"328","Azohydromonas lata"
"329","Butyrivibrio crossotus"
"330","Granulicatella adiacens"
"331","[Ruminococcus] lactaris"
"332","Pseudomonas avellanae"
"333","Parabacteroides merdae"
"334","Bacteroides stercoris"
"335","Pseudomonas nitroreducens"
"336","Devosia riboflavina"
"337","[Clostridium] viride"
"338","Hydrogenophaga pseudoflava"
"339","Lautropia mirabilis"
"340","Bacteroides caccae"
"341","Lactobacillus crispatus"
"342","Brachybacterium nesterenkovii"
"343","Pseudomonas azotoformans"
"344","Pseudomonas synxantha"
"345","Pseudomonas taetrolens"
"346","Serratia fonticola"
"347","Acidovorax delafieldii"
"348","Acinetobacter pittii"
"349","Prosthecobacter debontii"
"350","Novosphingobium subterraneum"
"351","Holospora obtusa"
"352","Desulfofustis glycolicus"
"353","Kluyvera ascorbata"
"354","Dehalobacterium formicoaceticum"
"355","Nitrosomonas mobilis"
"356","Tetragenococcus halophilus"
"357","Acinetobacter venetianus"
"358","Mitsuokella multacida"
"359","Nitrosomonas nitrosa"
"360","Acetobacterium bakii"
"361","Acetobacterium wieringae"
"362","Bosea thiooxidans"
"363","Desulfobulbus elongatus"
"364","Enterococcus durans"
"365","Brevibacterium mcbrellneri"
"366","Pseudomonas anguilliseptica"
"367","Pseudomonas resinovorans"
"368","Blautia hydrogenotrophica"
"369","Nakamurella multipartita"
"370","Paracoccus solventivorans"
"371","Peptoniphilus harei"
"372","Xylophilus ampelinus"
"373","Raoultella ornithinolytica"
"374","Erwinia persicina"
"375","Janthinobacterium agaricidamnosum"
"376","Xanthomonas sacchari"
"377","Xanthomonas vasicola"
"378","Xanthomonas vesicatoria"
"379","Afipia broomeae"
"380","Microbacterium esteraromaticum"
"381","Pseudodesulfovibrio profundus"
"382","Microvirgula aerodenitrificans"
"383","Citrobacter braakii"
"384","Desulfovibrio alaskensis"
"385","Streptococcus macedonicus"
"386","Thauera aromatica"
"387","Sphingomonas echinoides"
"388","Prevotella pallens"
"389","Sulfitobacter pontiacus"
"390","Porphyrobacter tepidarius"
"391","Burkholderia vietnamiensis"
"392","Phaeobacter gallaeciensis"
"393","Holdemania filiformis"
"394","Dehalococcoides mccartyi"
"395","Enterobacter asburiae"
"396","Lelliottia amnigena"
"397","Kluyvera intermedia"
"398","Acidiphilium multivorum"
"399","Shewanella baltica"
"400","Propionibacterium cyclohexanicum"
"401","Mitsuaria chitosanitabida"
"402","Corynebacterium ulcerans"
"403","Hydrogenophaga palleronii"
"404","Hydrogenophaga taeniospiralis"
"405","Paracoccus alkenifer"
"406","Hydrogenophaga intermedia"
"407","Citrobacter farmeri"
"408","Citrobacter werkmanii"
"409","Muribacter muris"
"410","Streptococcus infantis"
"411","Deinococcus geothermalis"
"412","Aquamicrobium defluvii"
"413","Aquabacterium parvum"
"414","Enterococcus malodoratus"
"415","Tetragenococcus solitarius"
"416","Achromobacter piechaudii"
"417","Tessaracoccus bendigoensis"
"418","Aeromonas encheleia"
"419","Dechloromonas agitata"
"420","Antarctobacter heliothermus"
"421","Brevundimonas bacteroides"
"422","Brevundimonas subvibrioides"
"423","Hyphomonas polymorpha"
"424","Collinsella aerofaciens"
"425","Pseudomonas balearica"
"426","Micropruina glycogenica"
"427","Pseudomonas libanensis"
"428","Pseudomonas mandelii"
"429","Duganella zoogloeoides"
"430","Thauera terpenica"
"431","Vibrio rumoiensis"
"432","Clostridium acetireducens"
"433","Pseudomonas orientalis"
"434","Pseudomonas monteilii"
"435","Pseudomonas rhodesiae"
"436","Pseudomonas veronii"
"437","Myroides odoratimimus"
"438","Sphingobium herbicidovorans"
"439","Pseudorhodobacter ferrugineus"
"440","Prevotella bryantii"
"441","Bifidobacterium subtile"
"442","Prevotella albensis"
"443","Succinispira mobilis"
"444","Bifidobacterium gallinarum"
"445","Tissierella creatinophila"
"446","Delftia acidovorans"
"447","Acidovorax avenae"
"448","Acidovorax cattleyae"
"449","Acidovorax citrulli"
"450","Acidovorax temperans"
"451","Curvibacter delicatus"
"452","Hylemonella gracilis"
"453","Simplicispira psychrophila"
"454","Desulfovibrio alcoholivorans"
"455","Eubacterium aggregans"
"456","Aminomonas paucivorans"
"457","Desulfovibrio aminophilus"
"458","Thermanaerovibrio acidaminovorans"
"459","Rhodoferax antarcticus"
"460","Acetobacterium dehalogenans"
"461","Fannyhessea vaginae"
"462","Streptococcus pluranimalium"
"463","Anaerovibrio lipolyticus"
"464","Anaeroarcus burkinensis"
"465","Microbacterium oxydans"
"466","Cupriavidus pauculus"
"467","Liquorilactobacillus nagelii"
"468","Streptococcus ovis"
"469","Budvicia aquatica"
"470","Luteimonas mephitis"
"471","Stenotrophomonas nitritireducens"
"472","Leclercia adecarboxylata"
"473","Lactobacillus amylolyticus"
"474","Formivibrio citricus"
"475","Propionivibrio dicarboxylicus"
"476","Succinivibrio dextrinosolvens"
"477","Clostridium disporicum"
"478","[Clostridium] methylpentosum"
"479","Lacrimispora saccharolytica"
"480","Eggerthella lenta"
"481","Dolosicoccus paucivorans"
"482","Achromobacter xylosoxidans"
"483","Curvibacter lanceolatus"
"484","Stenotrophomonas pictorum"
"485","Pseudomonas lundensis"
"486","Propionispira raffinosivorans"
"487","Natronohydrobacter thiooxidans"
"488","Lactobacillus manihotivorans"
"489","Dorea longicatena"
"490","Oligella ureolytica"
"491","Oligella urethralis"
"492","Desulfatiglans anilini"
"493","Desulforhopalus singaporensis"
"494","Aromatoleum toluclasticum"
"495","Thiothrix eikelboomii"
"496","Ketogulonicigenium robustum"
"497","Sphingomonas koreensis"
"498","Pandoraea pnomenusa"
"499","Shewanella sp. ANA-3"
"500","Ramlibacter tataouinensis"
"501","Bordetella petrii"
"502","Burkholderia cenocepacia"
"503","Cupriavidus oxalaticus"
"504","Thauera chlorobenzoica"
"505","Vitreoscilla sp. C1"
"506","Eubacterium plexicaudatum"
"507","Lactobacillus mucosae"
"508","Tetrasphaera australiensis"
"509","[Clostridium] fimetarium"
"510","Papillibacter cinnamivorans"
"511","Coprobacillus cateniformis"
"512","Catenibacterium mitsuokai"
"513","Pseudomonas alcaliphila"
"514","Tetrasphaera elongata"
"515","Solobacterium moorei"
"516","Streptococcus infantarius"
"517","Actinomyces urogenitalis"
"518","Janibacter terrae"
"519","Pseudomonas frederiksbergensis"
"520","Acetobacter indonesiensis"
"521","Ralstonia mannitolilytica"
"522","Desulfohalotomaculum alkaliphilum"
"523","Methylibium petroleiphilum"
"524","Lactobacillus algidus"
"525","Anaerostipes caccae"
"526","Pseudoflavonifractor capillosus"
"527","Acinetobacter bereziniae"
"528","Acinetobacter guillouiae"
"529","Acinetobacter nosocomialis"
"530","Acinetobacter ursingii"
"531","Acinetobacter schindleri"
"532","Anaerovorax odorimutans"
"533","Kineosphaera limosa"
"534","Psychrobacter pacificensis"
"535","Sporomusa acidovorans"
"536","Propionispora vibrioides"
"537","Streptococcus australis"
"538","Pediococcus inopinatus"
"539","Alkaliphilus transvaalensis"
"540","Streptococcus orisratti"
"541","Coprococcus catus"
"542","Sphingopyxis alaskensis"
"543","Pseudomonas sp. B10"
"544","Bulleidia extructa"
"545","Cupriavidus metallidurans"
"546","Sphingobium cloacae"
"547","Schaalia suimastitidis"
"548","Sphingobium xenophagum"
"549","Pannonibacter phragmitetus"
"550","Pseudomonas psychrophila"
"551","[Haemophilus] felis"
"552","Stenotrophomonas acidaminiphila"
"553","Pseudoxanthomonas mexicana"
"554","Pseudomonas brenneri"
"555","Citrobacter youngae"
"556","Acinetobacter parvus"
"557","Acinetobacter gyllenbergii"
"558","Sphingobium amiense"
"559","Globicatella sulfidifaciens"
"560","Corynebacterium testudinoris"
"561","Pseudomonas indica"
"562","Granulicatella balaenopterae"
"563","Trichococcus palustris"
"564","Novosphingobium lentum"
"565","Dendrosporobacter quercicolus"
"566","Streptomyces griseofuscus"
"567","Azovibrio restrictus"
"568","Dechlorosoma suillum"
"569","Collinsella stercoris"
"570","Collinsella intestinalis"
"571","Paracoccus yeei"
"572","Carnobacterium inhibens"
"573","Lactobacillus iners"
"574","Marinospirillum alkaliphilum"
"575","Streptococcus lutetiensis"
"576","Afipia birgiae"
"577","Xenophilus azovorans"
"578","Desulforegula conservatrix"
"579","Alysiella crassa"
"580","Conchiformibius steedae"
"581","Hungatella hathewayi"
"582","Turicibacter sanguinis"
"583","Streptococcus entericus"
"584","Eubacterium pyruvativorans"
"585","Anaeroglobus geminatus"
"586","Dysgonomonas gadei"
"587","Microbacterium resistens"
"588","Trichococcus collinsii"
"589","Sterolibacterium denitrificans"
"590","Pseudoleptotrichia goodfellowii"
"591","Pseudomonas thermotolerans"
"592","Novosphingobium resinovorum"
"593","Enterobacter hormaechei"
"594","Megamonas hypermegale"
"595","Yokenella regensburgei"
"596","Desulfovibrio cuneatus"
"597","Microbacterium gubbeenense"
"598","Anaerotignum lactatifermentans"
"599","Enterococcus gilvus"
"600","Desulfobulbus mediterraneus"
"601","Microbacterium hominis"
"602","Dysgonomonas mossii"
"603","Thauera aminoaromatica"
"604","Diaphorobacter polyhydroxybutyrativorans"
"605","Prevotella copri CAG:164"
"606","Roseburia intestinalis"
"607","Allofustis seminis"
"608","Kaistia adipata"
"609","uncultured Desulfovibrio sp."
"610","Psychromonas arctica"
"611","Marvinbryantia formatexigens"
"612","Laribacter hongkongensis"
"613","Novosphingobium tardaugens"
"614","Anaerotruncus colihominis"
"615","Pseudomonas extremorientalis"
"616","Inquilinus limosus"
"617","Sphingopyxis witflariensis"
"618","Carnobacterium viridans"
"619","Gordonia paraffinivorans"
"620","Alicycliphilus denitrificans"
"621","Cetobacterium ceti"
"622","Blautia schinkii"
"623","Giesbergeria anulus"
"624","Delftia tsuruhatensis"
"625","Atopostipes suicloacalis"
"626","Hespellia stercorisuis"
"627","Proteocatella sphenisci"
"628","Rubritepida flocculans"
"629","Paracoccus seriniphilus"
"630","Knoellia subterranea"
"631","Desulfovibrio magneticus"
"632","Prevotella oryzae"
"633","Prevotella paludivivens"
"634","Megasphaera micronuciformis"
"635","Acidaminococcus intestini"
"636","Acidovorax valerianellae"
"637","Cetobacterium somerae"
"638","Sedimenticola selenatireducens"
"639","Cardiobacterium valvarum"
"640","Haematobacter massiliensis"
"641","Caldimonas manganoxidans"
"642","Aeromonas dhakensis"
"643","Alkanindiges illinoisensis"
"644","Streptococcus pasteurianus"
"645","Roseomonas rosea"
"646","Pseudomonas jinjuensis"
"647","Pseudomonas umsongensis"
"648","Pseudomonas koreensis"
"649","Lampropedia hyalina"
"650","Microbacterium paraoxydans"
"651","Pseudomonas trivialis"
"652","Pseudomonas poae"
"653","Acinetobacter bouvetii"
"654","Acinetobacter gerneri"
"655","Acinetobacter tandoii"
"656","Acinetobacter towneri"
"657","Tepidiphilus margaritifer"
"658","Roseomonas cervicalis"
"659","Nitratireductor aquibiodomus"
"660","Novosphingobium pentaromativorans"
"661","Flavobacterium gelidilacus"
"662","Kerstersia gyiorum"
"663","Roseomonas mucosa"
"664","Enterobacter kobei"
"665","Enterocloster bolteae"
"666","Bowdeniella nasicola"
"667","Escherichia albertii"
"668","Allisonella histaminiformans"
"669","Conchiformibius kuhniae"
"670","Herbaspirillum chlorophenolicum"
"671","Thermomonas hydrothermalis"
"672","Subdoligranulum variabile"
"673","Alistipes finegoldii"
"674","Thermomonas fusca"
"675","Polaromonas naphthalenivorans"
"676","Stenotrophomonas rhizophila"
"677","Bifidobacterium longum"
"678","Chryseobacterium molle"
"679","Marinospirillum insulare"
"680","Achromobacter insolitus"
"681","Neomegalonema perideroedes"
"682","Desulfatibacillum aliphaticivorans"
"683","Dialister invisus"
"684","Aeromonas simiae"
"685","Ottowia thiooxydans"
"686","Brachybacterium muris"
"687","Rhodanobacter fulvus"
"688","Pseudomonas antarctica"
"689","Gemmobacter nectariphilus"
"690","Neobacillus bataviensis"
"691","Paraglaciecola polaris"
"692","Comamonas aquatica"
"693","Comamonas kerstersii"
"694","Ulvibacter litoralis"
"695","Lactobacillus kalixensis"
"696","Prevotella salivae"
"697","Flavobacterium degerlachei"
"698","Flavobacterium frigoris"
"699","Arsenicicoccus bolidensis"
"700","Streptococcus minor"
"701","Levilinea saccharolytica"
"702","Chryseobacterium koreense"
"703","Acidovorax sp. JS42"
"704","Cloacibacterium normanense"
"705","Tsukamurella pseudospumae"
"706","Akkermansia muciniphila"
"707","Prevotella bergensis"
"708","Klebsiella variicola"
"709","Pseudomonas lurida"
"710","butyrate-producing bacterium SM4/1"
"711","butyrate-producing bacterium SS3/4"
"712","Loktanella fryxellensis"
"713","Enterococcus italicus"
"714","Bacteroides cellulosilyticus"
"715","Cupriavidus pinatubonensis"
"716","Haemophilus pittmaniae"
"717","Pseudomonas syringae group genomosp. 3"
"718","Pseudomonas sp. phDV1"
"719","Pseudomonas pachastrellae"
"720","Roseisalinus antarcticus"
"721","Paeniglutamicibacter gangotriensis"
"722","Pseudoclavibacter helvolus"
"723","Arcobacter cibarius"
"724","Parvibaculum lavamentivorans"
"725","Gulosibacter molinativorax"
"726","Pleomorphomonas koreensis"
"727","Roseomonas gilardii"
"728","Acetanaerobacterium elongatum"
"729","Dechloromonas aromatica"
"730","Psychrobacter alimentarius"
"731","Intestinibacter bartlettii"
"732","Treponema porcinum"
"733","Pleomorphomonas oryzae"
"734","Lysobacter concretionis"
"735","Acinetobacter beijerinckii"
"736","Anaerosporobacter mobilis"
"737","Comamonas badia"
"738","Silanimonas lenta"
"739","Aquimonas voraii"
"740","Castellaniella caeni"
"741","Stenotrophomonas koreensis"
"742","Porphyromonas gingivicanis"
"743","Chelativorans sp. BNC1"
"744","Granulicoccus phenolivorans"
"745","Sphingopyxis granuli"
"746","Porphyrobacter donghaensis"
"747","Neisseria bacilliformis"
"748","Atopococcus tabaci"
"749","Desulfovibrio putealis"
"750","Flavobacterium antarcticum"
"751","Aeromonas molluscorum"
"752","Pseudoclavibacter alba"
"753","Actinomyces dentalis"
"754","Novosphingobium naphthalenivorans"
"755","Flavobacterium granuli"
"756","Dechloromonas denitrificans"
"757","Acinetobacter marinus"
"758","Porphyromonas uenonis"
"759","Nereida ignava"
"760","Salipiger thiooxidans"
"761","Kosakonia radicincitans"
"762","Phenylobacterium zucineum"
"763","Flavimobilis marinus"
"764","Bacillus subterraneus"
"765","Haliea salexigens"
"766","Devosia limi"
"767","Pseudomonas borbori"
"768","Acetivibrio ethanolgignens"
"769","Eubacterium coprostanoligenes"
"770","Faecalicatena fissicatena"
"771","Comamonas granuli"
"772","Tetragenococcus koreensis"
"773","Aminiphilus circumscriptus"
"774","Bacteroides salyersiae"
"775","Bacteroides nordii"
"776","Pseudomonas azotifigens"
"777","Altererythrobacter troitsensis"
"778","Flavonifractor plautii"
"779","Sphingopyxis sp. 113P3"
"780","Martelella mediterranea"
"781","Desulfohalovibrio alkalitolerans"
"782","Lactobacillus oligofermentans"
"783","Marinomonas aquimarina"
"784","Rubellimicrobium thermophilum"
"785","Polaromonas sp. JS666"
"786","Desulfovibrio carbinolicus"
"787","Enterobacter ludwigii"
"788","Catellicoccus marimammalium"
"789","Roseburia hominis"
"790","Roseburia faecis"
"791","Lactobacillus harbinensis"
"792","Sphingomonas sp. IC081"
"793","Halolactibacillus miurensis"
"794","Chryseobacterium vrystaatense"
"795","Tepidimonas taiwanensis"
"796","Dialister micraerophilus"
"797","Phocaeicola plebeius"
"798","Phocaeicola coprocola"
"799","Bacteroides pyogenes"
"800","Zoogloea oryzae"
"801","Chryseobacterium soldanellicola"
"802","Jannaschia seosinensis"
"803","Pseudoxanthomonas suwonensis"
"804","Streptococcus gallolyticus"
"805","Clostridium lundense"
"806","Pseudomonas otitidis"
"807","Enterococcus devriesei"
"808","Pseudomonas moraviensis"
"809","Pseudomonas simiae"
"810","Porphyromonas somerae"
"811","Sharpea azabuensis"
"812","Alcaligenes aquatilis"
"813","Neisseria animaloris"
"814","Neisseria zoodegmatis"
"815","Candidatus Accumulibacter phosphatis"
"816","Enterococcus aquimarinus"
"817","Parabacteroides goldsteinii"
"818","Alistipes onderdonkii"
"819","Alistipes shahii"
"820","Bacteroides intestinalis"
"821","Tetrasphaera jenkinsii"
"822","Sphingomonas azotifigens"
"823","Psychrobacter cryohalolentis"
"824","Kribbia dieselivorans"
"825","Mycetocola reblochoni"
"826","Enterocloster asparagiformis"
"827","Psychrobacter arcticus"
"828","Salinivibrio proteolyticus"
"829","Arthrobacter subterraneus"
"830","Stenotrophomonas ginsengisoli"
"831","Pseudodonghicola xiamenensis"
"832","Bacteroides finegoldii"
"833","Desulfovermiculus halophilus"
"834","Desulfatirhabdium butyrativorans"
"835","Lactonifactor longoviformis"
"836","Mediterraneibacter glycyrrhizinilyticus"
"837","Acidovorax caeni"
"838","Agrococcus casei"
"839","Salipiger bermudensis"
"840","Flavobacterium soli"
"841","Pseudoxanthomonas dokdonensis"
"842","Desulfovibrio carbinoliphilus"
"843","Lysobacter daejeonensis"
"844","Moraxella boevrei"
"845","Rhodanobacter spathiphylli"
"846","Lactobacillus siliginis"
"847","Propionicicella superfundia"
"848","Megasphaera paucivorans"
"849","Psychrobacter sp. PRwf-1"
"850","Micavibrio aeruginosavorus"
"851","Flavobacterium daejeonense"
"852","Flavobacterium suncheonense"
"853","Arenimonas malthae"
"854","Chitinimonas koreensis"
"855","Siccibacter turicensis"
"856","Phocaeicola dorei"
"857","Acidovorax sp. KKS102"
"858","Enterocloster citroniae"
"859","Pseudomonas extremaustralis"
"860","Amphibacillus sediminis"
"861","Roseburia inulinivorans"
"862","Exiguobacterium sp. AT1b"
"863","Prevotella stercorea"
"864","Comamonas thiooxydans"
"865","Chelatococcus sambhunathii"
"866","Azohydromonas australica"
"867","Pseudomonas pohangensis"
"868","Paracoccus homiensis"
"869","Janibacter hoylei"
"870","Verminephrobacter eiseniae"
"871","Sulfurospirillum cavolei"
"872","Caulobacter sp. K31"
"873","Janthinobacterium svalbardensis"
"874","Aureimonas altamirensis"
"875","Arenimonas composti"
"876","Arenimonas daejeonensis"
"877","Flavobacterium filum"
"878","Brevundimonas aveniformis"
"879","Bacteroides xylanisolvens"
"880","Aminobacter sp. MSH1"
"881","Arenimonas donghaensis"
"882","Lactobacillus backii"
"883","Janthinobacterium sp. Marseille"
"884","Gulbenkiania indica"
"885","Olivibacter sitiensis"
"886","Paracoccus halophilus"
"887","Phocaeicola barnesiae"
"888","Phocaeicola salanitronis"
"889","Variovorax soli"
"890","Methyloversatilis universalis"
"891","Lacticaseibacillus camelliae"
"892","[Bacteroides] pectinophilus"
"893","Phocaeicola coprophilus"
"894","Maribius pelagius"
"895","Parabacteroides johnsonii"
"896","Lysobacter defluvii"
"897","Aquincola tertiaricarbonis"
"898","Uliginosibacterium gangwonense"
"899","Bacteroides propionicifaciens"
"900","Pseudomonas reinekei"
"901","Acinetobacter brisouii"
"902","Sphingomonas sanxanigenens"
"903","Barnesiella viscericola"
"904","Proteiniclasticum ruminis"
"905","Rhodococcus kyotonensis"
"906","Tessaracoccus flavescens"
"907","Desulfocurvus vexinensis"
"908","Enterobacter sp. 638"
"909","Microbacterium ginsengisoli"
"910","Flavobacterium terrigena"
"911","Maritimibacter alkaliphilus"
"912","Sphingobium sp. MI1205"
"913","Pelobacter seleniigenes"
"914","Rhodobacter vinaykumarii"
"915","Comamonas composti"
"916","Clostridiisalibacter paucivorans"
"917","Coprococcus comes"
"918","Gordonia malaquae"
"919","Clostridium sp. SS2/1"
"920","Clostridium sp. M62/1"
"921","Clostridium sp. L2-50"
"922","Lysobacter dokdonensis"
"923","Pseudoxanthomonas spadix"
"924","Flavobacterium terrae"
"925","Ferrovum myxofaciens"
"926","Selenomonas bovis"
"927","Azoarcus olearius"
"928","Azonexus hydrophilus"
"929","Prevotella amnii"
"930","Yersinia massiliensis"
"931","Chryseobacterium hominis"
"932","Sphingobium ummariense"
"933","Chryseobacterium halperniae"
"934","Chryseobacterium haifense"
"935","Chryseobacterium bovis"
"936","Stenoxybacter acetivorans"
"937","Pseudomonas guineae"
"938","Thiomonas arsenitoxydans"
"939","Alkalibacterium pelagium"
"940","Pseudoxanthomonas indica"
"941","Pelomonas puraquae"
"942","Pseudacidovorax intermedius"
"943","Lysobacter spongiicola"
"944","Variovorax boronicumulans"
"945","Sphingopyxis indica"
"946","Megamonas funiformis"
"947","Sutterella parvirubra"
"948","Pseudomonas marincola"
"949","Streptococcus henryi"
"950","Streptococcus caballi"
"951","Pelagibacterium luteolum"
"952","Tropicibacter naphthalenivorans"
"953","Tropicimonas isoalkanivorans"
"954","uncultured Pleomorphomonas sp."
"955","Xanthomonas perforans"
"956","Halolactibacillus alkaliphilus"
"957","Reyranella massiliensis"
"958","Adlercreutzia equolifaciens"
"959","Microbacterium profundi"
"960","Veillonella sp. 6_1_27"
"961","Chryseobacterium aquaticum"
"962","Desulfarculus baarsii"
"963","Rhodobacter aestuarii"
"964","Paraprevotella clara"
"965","Paraprevotella xylaniphila"
"966","Spongiibacter tropicus"
"967","Chryseobacterium gregarium"
"968","Streptococcus plurextorum"
"969","Bacteroides sp. 1_1_30"
"970","Bacteroides sp. 3_1_23"
"971","Bacteroides sp. 3_1_33FAA"
"972","Bacteroides sp. 3_2_5"
"973","Bacteroides sp. 4_1_36"
"974","Bacteroides sp. 4_3_47FAA"
"975","Eubacterium sp. 3_1_31"
"976","Synergistes sp. 3_1_syn1"
"977","Veillonella sp. 3_1_44"
"978","Clostridiales bacterium 1_7_47FAA"
"979","Erysipelotrichaceae bacterium 2_2_44A"
"980","Polaromonas jejuensis"
"981","Elioraea tepidiphila"
"982","Rhizobium oryzae"
"983","Veillonella magna"
"984","Steroidobacter denitrificans"
"985","Desulfovibrio litoralis"
"986","Flavobacterium fluvii"
"987","Bacteroides sp. 1_1_14"
"988","Bacteroides sp. 2_1_22"
"989","Bacteroides sp. 2_1_33B"
"990","Bacteroides sp. 2_2_4"
"991","Parabacteroides sp. 20_3"
"992","Bacteroides sp. 3_1_19"
"993","Bacteroides sp. 3_1_40A"
"994","Coprobacillus sp. 8_2_54BFAA"
"995","Burkholderiales bacterium 1_1_47"
"996","Erysipelotrichaceae bacterium 6_1_45"
"997","Prevotella histicola"
"998","Gordonibacter pamelaeae"
"999","Geofilum rubicundum"
"1000","Hydrogenoanaerobacterium saccharovorans"
"1001","Bacteroides graminisolvens"
"1002","Aliiglaciecola lipolytica"
"1003","Haematomicrobium sanguinis"
"1004","Brevibacterium ravenspurgense"
"1005","Sphingobium sp. YBL2"
"1006","Roseomonas stagni"
"1007","Dialister succinatiphilus"
"1008","Barnesiella intestinihominis"
"1009","Parasutterella excrementihominis"
"1010","Acinetobacter soli"
"1011","Solimonas aquatica"
"1012","Flavobacterium caeni"
"1013","Leucobacter chironomi"
"1014","Brachymonas chironomi"
"1015","Methylophilus rhizosphaerae"
"1016","Arenimonas oryziterrae"
"1017","Porphyromonas bennonis"
"1018","Butyricicoccus pullicaecorum"
"1019","Streptococcus porci"
"1020","Flavobacterium sasangense"
"1021","Arcobacter marinus"
"1022","Chelonobacter oris"
"1023","Cloacibacillus evryensis"
"1024","Neiella marina"
"1025","Flavobacterium cauense"
"1026","Pseudomonas yamanorum"
"1027","Pontibacillus litoralis"
"1028","Stenotrophomonas chelatiphaga"
"1029","Bifidobacterium mongoliense"
"1030","Thermotalea metallivorans"
"1031","Pseudomonas caeni"
"1032","Sphingobium lactosutens"
"1033","Acinetobacter sp. ATCC 27244"
"1034","Paracoccus chinensis"
"1035","Thiothrix lacustris"
"1036","Thiothrix caldifontis"
"1037","Chryseobacterium taklimakanense"
"1038","Limnohabitans planktonicus"
"1039","beta proteobacterium CB"
"1040","Arcobacter thereius"
"1041","Henriciella aquimarina"
"1042","Carnobacterium jeotgali"
"1043","Hafnia paralvei"
"1044","Bavariicoccus seileri"
"1045","Chryseobacterium piscicola"
"1046","Aromatoleum aromaticum"
"1047","Elstera litoralis"
"1048","Pseudomonas pelagia"
"1049","Acidovorax carolinensis"
"1050","Tersicoccus phoenicis"
"1051","Galbibacter marinus"
"1052","Salipiger marinus"
"1053","Bacteroides sp. D1"
"1054","Bacteroides sp. D2"
"1055","Clostridium sp. D5"
"1056","Pseudomonas benzenivorans"
"1057","Arenibacter nanhaiticus"
"1058","Aquamicrobium aerolatum"
"1059","Parabacteroides sp. D13"
"1060","Sphingomonas hankookensis"
"1061","Roseicitreum antarcticum"
"1062","Sphingobium faniae"
"1063","Desulfovibrio legallii"
"1064","Psychrobacter sp. G"
"1065","Micrococcus terreus"
"1066","Pseudomonas taeanensis"
"1067","Dokdonella immobilis"
"1068","Enterorhabdus mucosicola"
"1069","Oceanibaculum pacificum"
"1070","Bacteroides sp. D20"
"1071","Bacteroides sp. D22"
"1072","Brevundimonas naejangsanensis"
"1073","Paracoccus isoporae"
"1074","Roseivivax isoporae"
"1075","Aeromonas fluvialis"
"1076","Acidovorax soli"
"1077","Lutibacter maritimus"
"1078","Flavobacterium sinopsychrotolerans"
"1079","Neisseria wadsworthii"
"1080","Neisseria shayeganii"
"1081","Soonwooa buanensis"
"1082","Bacteroides clarus"
"1083","Bacteroides fluxus"
"1084","Bacteroides oleiciplenus"
"1085","Alistipes indistinctus"
"1086","Odoribacter laneus"
"1087","Collinsella tanakaei"
"1088","Christensenella minuta"
"1089","Succinatimonas hippei"
"1090","Phascolarctobacterium succinatutens"
"1091","Desulfovibrio sp. G11"
"1092","Acinetobacter rudis"
"1093","Sphingomonas rubra"
"1094","Pyramidobacter piscolens"
"1095","Trichococcus ilyis"
"1096","Colwellia chukchiensis"
"1097","Cecembia lonarensis"
"1098","Rhizobium pusense"
"1099","Anaerostipes hadrus"
"1100","Bacteroidetes oral taxon 274"
"1101","Sphingomonas haloaromaticamans"
"1102","Litorimicrobium taeanense"
"1103","Ruminococcus sp. SR1/5"
"1104","Lachnospiraceae bacterium 1_1_57FAA"
"1105","Lachnospiraceae bacterium 2_1_58FAA"
"1106","Lachnospiraceae bacterium 6_1_63FAA"
"1107","Lachnospiraceae bacterium 5_1_57FAA"
"1108","Lachnospiraceae bacterium 7_1_58FAA"
"1109","Lachnospiraceae bacterium 9_1_43BFAA"
"1110","Lachnospiraceae bacterium 5_1_63FAA"
"1111","Lachnospiraceae bacterium 1_4_56FAA"
"1112","Lachnospiraceae bacterium 6_1_37FAA"
"1113","Erysipelotrichaceae bacterium 21_3"
"1114","Parabacteroides sp. D25"
"1115","Stenotrophomonas daejeonensis"
"1116","Leucobacter salsicius"
"1117","Kocuria salsicia"
"1118","Prosthecomicrobium hirschii"
"1119","Dietzia alimentaria"
"1120","Clostridium sp. 7_3_54FAA"
"1121","Coprobacillus sp. 3_3_56FAA"
"1122","Desulfovibrio sp. 6_1_46AFAA"
"1123","Eggerthella sp. 1_3_56FAA"
"1124","Klebsiella sp. 4_1_44FAA"
"1125","Neisseria sp. GT4A_CT1"
"1126","Tannerella sp. 6_1_58FAA_CT1"
"1127","Lachnospiraceae bacterium 3_1_46FAA"
"1128","Lachnospiraceae bacterium 8_1_57FAA"
"1129","Subdoligranulum sp. 4_3_54A2FAA"
"1130","Peptoniphilus sp. oral taxon 836"
"1131","Veillonella sp. oral taxon 158"
"1132","Veillonella sp. oral taxon 780"
"1133","Comamonas terrae"
"1134","Bacteroides faecis CAG:32"
"1135","Stenotrophomonas panacihumi"
"1136","Flavobacterium haoranii"
"1137","Sphingobacterium wenxiniae"
"1138","Algoriella xinjiangensis"
"1139","Pseudorhodobacter aquimaris"
"1140","Paracoccus sphaerophysae"
"1141","Bilophila sp. 4_1_30"
"1142","Megasphaera genomosp. type_1"
"1143","Lactobacillus rogosae"
"1144","Pseudomonas flexibilis"
"1145","Arcobacter trophiarum"
"1146","Dietzia sp. oral taxon 368"
"1147","Streptococcus sp. oral taxon 071"
"1148","Lachnospiraceae bacterium oral taxon 082"
"1149","Lachnospiraceae bacterium oral taxon 500"
"1150","Chryseobacterium chaponense"
"1151","Nitratireductor indicus"
"1152","Acidovorax ebreus"
"1153","Phocaeicola paurosaccharolyticus"
"1154","Delftia sp. Cs1-4"
"1155","Sphingomonas sp. MM-1"
"1156","Pisciglobus halotolerans"
"1157","Gemmiger formicilis"
"1158","Mobilicoccus pelagius"
"1159","Piscicoccus intestinalis"
"1160","Klebsiella sp. MS 92-3"
"1161","Coprococcus sp. ART55/1"
"1162","Peptoniphilus coxii"
"1163","Acinetobacter indicus"
"1164","Acidovorax radicis"
"1165","Sporosarcina newyorkensis"
"1166","Mycobacterium europaeum"
"1167","Bifidobacterium stellenboschense"
"1168","Bifidobacterium biavatii"
"1169","Serinicoccus chungangensis"
"1170","Hydrogenophaga sp. PBC"
"1171","Peptoanaerobacter stomatis"
"1172","Stomatobaculum longum"
"1173","Aequorivita viscosa"
"1174","Pseudomonas aestusnigri"
"1175","Janibacter indicus"
"1176","Sphingomonas laterariae"
"1177","Burkholderiales bacterium JOSHI_001"
"1178","Bacteroides faecichinchillae"
"1179","Brevundimonas viscosa"
"1180","Cupriavidus sp. USMAA2-4"
"1181","Tepidiphilus thermophilus"
"1182","Shinella sp. HZN7"
"1183","Microbacterium sediminis"
"1184","Clostridium sp. HGF2"
"1185","Alistipes sp. HGB5"
"1186","Caloramator mitchellensis"
"1187","Turicibacter sp. HGF1"
"1188","Eggerthella sp. HGA1"
"1189","Flavobacterium ummariense"
"1190","Arcobacter ellisii"
"1191","Aliicoccus persicus"
"1192","Gemmobacter aquatilis"
"1193","Flavobacterium xueshanense"
"1194","Fenollaria massiliensis"
"1195","Levyella massiliensis"
"1196","Belnapia rosea"
"1197","Arcobacter sp. L"
"1198","Brevibacterium yomogidense"
"1199","Arenimonas metalli"
"1200","Aeromonas rivipollensis"
"1201","Deinococcus wulumuqiensis"
"1202","Bifidobacterium reuteri"
"1203","Polymorphum gilvum"
"1204","Metallibacterium scheffleri"
"1205","Streptococcus sp. F0442"
"1206","Psychrobacter sp. 1501(2011)"
"1207","Pseudomonas formosensis"
"1208","Gordonia iterans"
"1209","Psychrobacter sp. DAB_AL43B"
"1210","Sphingomonas sp. KC8"
"1211","Brevibacterium senegalense"
"1212","Dielma fastidiosa"
"1213","Bosea lupini"
"1214","Bosea robiniae"
"1215","Parabacteroides chartae"
"1216","Oceaniovalibus guishaninsula"
"1217","Kocuria indica"
"1218","Thiomonas sp. X19"
"1219","Acetobacter papayae"
"1220","Fontimonas thermophila"
"1221","Paracoccus zhejiangensis"
"1222","Pseudorhodobacter antarcticus"
"1223","Haemophilus sputorum"
"1224","Arcobacter pacificus"
"1225","Comamonas serinivorans"
"1226","Gemmobacter megaterium"
"1227","Burkholderia sp. YI23"
"1228","Coprobacter fastidiosus"
"1229","Tepidimonas fonticaldi"
"1230","Paenirhodobacter enshiensis"
"1231","Verminephrobacter aporrectodeae"
"1232","Albimonas pacifica"
"1233","Cruoricaptor ignavus"
"1234","Pseudorhodobacter wandonensis"
"1235","bacterium MS4"
"1236","Anaerosphaera aminiphila"
"1237","Bacillus acidiproducens"
"1238","Chitinilyticum litopenaei"
"1239","Flavobacterium fontis"
"1240","Chryseobacterium carnipullorum"
"1241","Chryseobacterium frigidisoli"
"1242","Brevundimonas abyssalis"
"1243","Flavobacterium noncentrifugens"
"1244","Alkalibacterium gilvum"
"1245","Dehalobacter sp. CF"
"1246","Sphingobium czechense"
"1247","Bacteroides reticulotermitis"
"1248","Ornatilinea apprima"
"1249","Thauera humireducens"
"1250","Klebsiella michiganensis"
"1251","Pseudomonas sagittaria"
"1252","Xanthomarina gelatinilytica"
"1253","Marinomonas fungiae"
"1254","Chryseobacterium taihuense"
"1255","Pseudomonas prosekii"
"1256","Fusicatenibacter saccharivorans"
"1257","Flavobacterium marinum"
"1258","Porphyrobacter colymbi"
"1259","Ruminococcus champanellensis"
"1260","Streptobacillus hongkongensis"
"1261","Massilia yuzhufengensis"
"1262","Melaminivora alkalimesophila"
"1263","Luteimonas granuli"
"1264","Acidovorax wautersii"
"1265","Micrococcus sp. KBS0714"
"1266","Myroides injenensis"
"1267","Thioclava dalianensis"
"1268","Desulfatitalea tepidiphila"
"1269","Cloacibacillus porcorum"
"1270","Pseudomonas sp. Lz4W"
"1271","Gallaecimonas xiamenensis"
"1272","Celeribacter indicus"
"1273","Paracoccus sediminis"
"1274","Quasibacillus thermotolerans"
"1275","Acinetobacter kookii"
"1276","Acinetobacter apis"
"1277","Nitrincola nitratireducens"
"1278","[Collinsella] massiliensis"
"1279","Megasphaera massiliensis"
"1280","Nesterenkonia massiliensis"
"1281","Lunatimonas lonarensis"
"1282","Pacificimonas flava"
"1283","Chryseobacterium carnis"
"1284","Luteimonas huabeiensis"
"1285","Pseudomonas guangdongensis"
"1286","Raoultella electrica"
"1287","Acinetobacter qingfengensis"
"1288","Acetobacter sp. CAG:267"
"1289","Acholeplasma sp. CAG:878"
"1290","Acidaminococcus sp. CAG:542"
"1291","Acidiphilium sp. CAG:727"
"1292","Acinetobacter sp. CAG:196"
"1293","Akkermansia sp. CAG:344"
"1294","Alistipes sp. CAG:157"
"1295","Alistipes sp. CAG:268"
"1296","Alistipes sp. CAG:29"
"1297","Alistipes sp. CAG:435"
"1298","Alistipes sp. CAG:514"
"1299","Alistipes sp. CAG:53"
"1300","Alistipes sp. CAG:831"
"1301","Anaerotruncus sp. CAG:528"
"1302","Anaerotruncus sp. CAG:390"
"1303","Azospirillum sp. CAG:239"
"1304","Azospirillum sp. CAG:260"
"1305","Bacillus sp. CAG:988"
"1306","Bacteroides sp. CAG:1060"
"1307","Bacteroides sp. CAG:1076"
"1308","Bacteroides sp. CAG:144"
"1309","Bacteroides sp. CAG:189"
"1310","Bacteroides sp. CAG:20"
"1311","Bacteroides sp. CAG:443"
"1312","Bacteroides sp. CAG:462"
"1313","Bacteroides sp. CAG:530"
"1314","Bacteroides sp. CAG:545"
"1315","Bacteroides sp. CAG:598"
"1316","Bacteroides sp. CAG:633"
"1317","Bacteroides sp. CAG:661"
"1318","Bacteroides sp. CAG:702"
"1319","Bacteroides sp. CAG:709"
"1320","Bacteroides sp. CAG:714"
"1321","Bacteroides sp. CAG:754"
"1322","Bacteroides sp. CAG:770"
"1323","Bacteroides sp. CAG:875"
"1324","Bacteroides sp. CAG:927"
"1325","Bacteroides sp. CAG:98"
"1326","Blautia sp. CAG:237"
"1327","Blautia sp. CAG:257"
"1328","Blautia sp. CAG:37"
"1329","Blautia sp. CAG:52"
"1330","Brachyspira sp. CAG:484"
"1331","Brachyspira sp. CAG:700"
"1332","Butyrivibrio sp. CAG:318"
"1333","Catenibacterium sp. CAG:290"
"1334","Clostridium sp. CAG:1000"
"1335","Clostridium sp. CAG:1024"
"1336","Clostridium sp. CAG:1193"
"1337","Clostridium sp. CAG:1219"
"1338","Clostridium sp. CAG:122"
"1339","Clostridium sp. CAG:127"
"1340","Clostridium sp. CAG:138"
"1341","Clostridium sp. CAG:149"
"1342","Clostridium sp. CAG:167"
"1343","Clostridium sp. CAG:169"
"1344","Clostridium sp. CAG:217"
"1345","Clostridium sp. CAG:221"
"1346","Clostridium sp. CAG:226"
"1347","Clostridium sp. CAG:230"
"1348","Clostridium sp. CAG:242"
"1349","Clostridium sp. CAG:245"
"1350","Clostridium sp. CAG:253"
"1351","Clostridium sp. CAG:264"
"1352","Clostridium sp. CAG:265"
"1353","Clostridium sp. CAG:269"
"1354","Clostridium sp. CAG:273"
"1355","Clostridium sp. CAG:277"
"1356","Clostridium sp. CAG:288"
"1357","Clostridium sp. CAG:299"
"1358","Clostridium sp. CAG:302"
"1359","Clostridium sp. CAG:306"
"1360","Clostridium sp. CAG:307"
"1361","Clostridium sp. CAG:343"
"1362","Clostridium sp. CAG:349"
"1363","Clostridium sp. CAG:352"
"1364","Clostridium sp. CAG:354"
"1365","Clostridium sp. CAG:356"
"1366","Clostridium sp. CAG:389"
"1367","Clostridium sp. CAG:411"
"1368","Clostridium sp. CAG:413"
"1369","Clostridium sp. CAG:417"
"1370","Clostridium sp. CAG:43"
"1371","Clostridium sp. CAG:433"
"1372","Clostridium sp. CAG:440"
"1373","Clostridium sp. CAG:448"
"1374","Clostridium sp. CAG:451"
"1375","Clostridium sp. CAG:452"
"1376","Clostridium sp. CAG:465"
"1377","Clostridium sp. CAG:470"
"1378","Clostridium sp. CAG:492"
"1379","Clostridium sp. CAG:505"
"1380","Clostridium sp. CAG:508"
"1381","Clostridium sp. CAG:510"
"1382","Clostridium sp. CAG:524"
"1383","Clostridium sp. CAG:533"
"1384","Clostridium sp. CAG:557"
"1385","Clostridium sp. CAG:567"
"1386","Clostridium sp. CAG:568"
"1387","Clostridium sp. CAG:571"
"1388","Clostridium sp. CAG:575"
"1389","Clostridium sp. CAG:58"
"1390","Clostridium sp. CAG:590"
"1391","Clostridium sp. CAG:594"
"1392","Clostridium sp. CAG:609"
"1393","Clostridium sp. CAG:62"
"1394","Clostridium sp. CAG:628"
"1395","Clostridium sp. CAG:632"
"1396","Clostridium sp. CAG:678"
"1397","Clostridium sp. CAG:7"
"1398","Clostridium sp. CAG:710"
"1399","Clostridium sp. CAG:715"
"1400","Clostridium sp. CAG:75"
"1401","Clostridium sp. CAG:762"
"1402","Clostridium sp. CAG:780"
"1403","Clostridium sp. CAG:793"
"1404","Clostridium sp. CAG:798"
"1405","Clostridium sp. CAG:81"
"1406","Clostridium sp. CAG:813"
"1407","Clostridium sp. CAG:91"
"1408","Clostridium sp. CAG:914"
"1409","Clostridium sp. CAG:921"
"1410","Clostridium sp. CAG:964"
"1411","Clostridium sp. CAG:967"
"1412","Collinsella sp. CAG:166"
"1413","Collinsella sp. CAG:289"
"1414","Collinsella sp. CAG:398"
"1415","Coprobacillus sp. CAG:235"
"1416","Coprobacillus sp. CAG:605"
"1417","Coprobacillus sp. CAG:826"
"1418","Coprococcus sp. CAG:131"
"1419","Coprococcus sp. CAG:782"
"1420","Coraliomargarita sp. CAG:312"
"1421","Corallococcus sp. CAG:1435"
"1422","Cryptobacterium sp. CAG:338"
"1423","Dialister sp. CAG:357"
"1424","Dialister sp. CAG:486"
"1425","Dorea sp. CAG:105"
"1426","Dorea sp. CAG:317"
"1427","Eggerthella sp. CAG:1427"
"1428","Eggerthella sp. CAG:209"
"1429","Eggerthella sp. CAG:298"
"1430","Eggerthella sp. CAG:368"
"1431","Eubacterium sp. CAG:115"
"1432","Eubacterium sp. CAG:146"
"1433","Eubacterium sp. CAG:156"
"1434","Eubacterium sp. CAG:161"
"1435","Eubacterium sp. CAG:180"
"1436","Eubacterium sp. CAG:192"
"1437","Eubacterium sp. CAG:202"
"1438","Eubacterium sp. CAG:248"
"1439","Eubacterium sp. CAG:251"
"1440","Eubacterium sp. CAG:252"
"1441","Eubacterium sp. CAG:274"
"1442","Eubacterium sp. CAG:38"
"1443","Eubacterium sp. CAG:581"
"1444","Eubacterium sp. CAG:603"
"1445","Eubacterium sp. CAG:76"
"1446","Eubacterium sp. CAG:786"
"1447","Eubacterium sp. CAG:841"
"1448","Eubacterium sp. CAG:86"
"1449","Faecalibacterium sp. CAG:74"
"1450","Faecalibacterium sp. CAG:82"
"1451","Fusobacterium sp. CAG:439"
"1452","Fusobacterium sp. CAG:815"
"1453","Mycoplasma sp. CAG:472"
"1454","Mycoplasma sp. CAG:611"
"1455","Mycoplasma sp. CAG:776"
"1456","Mycoplasma sp. CAG:877"
"1457","Mycoplasma sp. CAG:956"
"1458","Odoribacter sp. CAG:788"
"1459","Oscillibacter sp. CAG:155"
"1460","Oscillibacter sp. CAG:241"
"1461","Parabacteroides sp. CAG:2"
"1462","Parabacteroides sp. CAG:409"
"1463","Phascolarctobacterium sp. CAG:207"
"1464","Phascolarctobacterium sp. CAG:266"
"1465","Porphyromonas sp. CAG:1061"
"1466","Prevotella sp. CAG:1031"
"1467","Prevotella sp. CAG:1058"
"1468","Prevotella sp. CAG:1092"
"1469","Prevotella sp. CAG:1124"
"1470","Prevotella sp. CAG:1185"
"1471","Prevotella sp. CAG:1320"
"1472","Prevotella sp. CAG:255"
"1473","Prevotella sp. CAG:279"
"1474","Prevotella sp. CAG:386"
"1475","Prevotella sp. CAG:474"
"1476","Prevotella sp. CAG:485"
"1477","Prevotella sp. CAG:487"
"1478","Prevotella sp. CAG:520"
"1479","Prevotella sp. CAG:5226"
"1480","Prevotella sp. CAG:592"
"1481","Prevotella sp. CAG:604"
"1482","Prevotella sp. CAG:617"
"1483","Prevotella sp. CAG:732"
"1484","Prevotella sp. CAG:755"
"1485","Prevotella sp. CAG:873"
"1486","Prevotella sp. CAG:891"
"1487","Prevotella sp. CAG:924"
"1488","Roseburia sp. CAG:100"
"1489","Roseburia sp. CAG:18"
"1490","Roseburia sp. CAG:182"
"1491","Roseburia sp. CAG:197"
"1492","Roseburia sp. CAG:303"
"1493","Roseburia sp. CAG:309"
"1494","Roseburia sp. CAG:380"
"1495","Roseburia sp. CAG:45"
"1496","Roseburia sp. CAG:471"
"1497","Roseburia sp. CAG:50"
"1498","Ruminococcus sp. CAG:108"
"1499","Ruminococcus sp. CAG:17"
"1500","Ruminococcus sp. CAG:177"
"1501","Ruminococcus sp. CAG:254"
"1502","Ruminococcus sp. CAG:330"
"1503","Ruminococcus sp. CAG:353"
"1504","Ruminococcus sp. CAG:379"
"1505","Ruminococcus sp. CAG:382"
"1506","Ruminococcus sp. CAG:403"
"1507","Ruminococcus sp. CAG:488"
"1508","Ruminococcus sp. CAG:55"
"1509","Ruminococcus sp. CAG:563"
"1510","Ruminococcus sp. CAG:57"
"1511","Ruminococcus sp. CAG:579"
"1512","Ruminococcus sp. CAG:60"
"1513","Ruminococcus sp. CAG:624"
"1514","Ruminococcus sp. CAG:9"
"1515","Ruminococcus sp. CAG:90"
"1516","Staphylococcus sp. CAG:324"
"1517","Subdoligranulum sp. CAG:314"
"1518","Succinatimonas sp. CAG:777"
"1519","Sutterella sp. CAG:351"
"1520","Sutterella sp. CAG:397"
"1521","Sutterella sp. CAG:521"
"1522","Tannerella sp. CAG:118"
"1523","Tannerella sp. CAG:51"
"1524","Veillonella sp. CAG:933"
"1525","Lachnospiraceae bacterium CAG:364"
"1526","Lachnospiraceae bacterium CAG:25"
"1527","Lachnospiraceae bacterium CAG:215"
"1528","Proteobacteria bacterium CAG:139"
"1529","Proteobacteria bacterium CAG:495"
"1530","Firmicutes bacterium CAG:95"
"1531","Firmicutes bacterium CAG:94"
"1532","Firmicutes bacterium CAG:884"
"1533","Firmicutes bacterium CAG:882"
"1534","Firmicutes bacterium CAG:83"
"1535","Firmicutes bacterium CAG:791"
"1536","Firmicutes bacterium CAG:646"
"1537","Firmicutes bacterium CAG:582"
"1538","Firmicutes bacterium CAG:102"
"1539","Firmicutes bacterium CAG:103"
"1540","Firmicutes bacterium CAG:110"
"1541","Firmicutes bacterium CAG:114"
"1542","Firmicutes bacterium CAG:124"
"1543","Firmicutes bacterium CAG:129"
"1544","Firmicutes bacterium CAG:137"
"1545","Firmicutes bacterium CAG:145"
"1546","Firmicutes bacterium CAG:170"
"1547","Firmicutes bacterium CAG:176"
"1548","Firmicutes bacterium CAG:194"
"1549","Firmicutes bacterium CAG:212"
"1550","Firmicutes bacterium CAG:227"
"1551","Firmicutes bacterium CAG:238"
"1552","Firmicutes bacterium CAG:24"
"1553","Firmicutes bacterium CAG:240"
"1554","Firmicutes bacterium CAG:270"
"1555","Firmicutes bacterium CAG:308"
"1556","Firmicutes bacterium CAG:313"
"1557","Firmicutes bacterium CAG:321"
"1558","Firmicutes bacterium CAG:341"
"1559","Firmicutes bacterium CAG:345"
"1560","Firmicutes bacterium CAG:41"
"1561","Firmicutes bacterium CAG:424"
"1562","Firmicutes bacterium CAG:460"
"1563","Firmicutes bacterium CAG:466"
"1564","Firmicutes bacterium CAG:475"
"1565","Firmicutes bacterium CAG:534"
"1566","Firmicutes bacterium CAG:536"
"1567","Firmicutes bacterium CAG:552"
"1568","Firmicutes bacterium CAG:555"
"1569","Firmicutes bacterium CAG:56"
"1570","Firmicutes bacterium CAG:822"
"1571","Oscillibacter ruminantium"
"1572","Edwardsiella piscicida"
"1573","Brevirhabdus pacifica"
"1574","Pseudomonas sihuiensis"
"1575","Arcobacter suis"
"1576","Pseudomonas sp. URMO17WK12:I11"
"1577","Nioella nitratireducens"
"1578","Roseovarius azorensis"
"1579","Alistipes senegalensis"
"1580","Moraxella porci"
"1581","Aquitalea pelogenes"
"1582","Aquabacterium olei"
"1583","Intestinimonas butyriciproducens"
"1584","Bacteroides luti"
"1585","Flavobacterium urocaniciphilum"
"1586","Olsenella scatoligenes"
"1587","Sphingobium sp. TKS"
"1588","Streptococcus sp. HSISM1"
"1589","Streptococcus sp. HSISS3"
"1590","Thioclava atlantica"
"1591","Xanthomonas maliensis"
"1592","Acinetobacter equi"
"1593","Lysobacter lycopersici"
"1594","Brevundimonas vancanneytii"
"1595","Clostridium polynesiense"
"1596","Actinomyces polynesiensis"
"1597","Sphingobium baderi"
"1598","Tessaracoccus aquimaris"
"1599","Defluviimonas alba"
"1600","Rhizobium sp. Q54"
"1601","Rhizobium flavum"
"1602","Gordonibacter urolithinfaciens"
"1603","Pseudomonas sp. JY-Q"
"1604","Flavobacterium enshiense"
"1605","Dysgonomonas macrotermitis"
"1606","Methyloversatilis thermotolerans"
"1607","Anaerosalibacter massiliensis"
"1608","Bacteroides neonati"
"1609","Desulfocarbo indianensis"
"1610","Flavihumibacter solisilvae"
"1611","Acinetobacter harbinensis"
"1612","Arcobacter lanthieri"
"1613","Roseivivax marinus"
"1614","Streptobacillus felis"
"1615","Lysobacter arseniciresistens"
"1616","Intrasporangium chromatireducens"
"1617","Cellulomonas carbonis"
"1618","Actinotalea ferrariae"
"1619","Pseudooceanicola flagellatus"
"1620","Sulfitobacter sp. SK025"
"1621","Bacteroidales bacterium CF"
"1622","Sulfitobacter pseudonitzschiae"
"1623","Acinetobacter sp. TGL-Y2"
"1624","Youngiibacter fragilis"
"1625","Sunxiuqinia dokdonensis"
"1626","Pelistega indica"
"1627","Pseudomonas sp. TKP"
"1628","Chryseobacterium arachidis"
"1629","Chryseobacterium zeae"
"1630","Novosphingobium barchaimii"
"1631","Tessaracoccus lapidicaptus"
"1632","Pseudomonas hussainii"
"1633","Eisenbergiella tayi"
"1634","Moheibacter sediminis"
"1635","Chishuiella changwenlii"
"1636","Acinetobacter bohemicus"
"1637","Methylobrevis pamukkalensis"
"1638","Clostridium oryzae"
"1639","Crenobacter luteus"
"1640","Serpentinomonas raichei"
"1641","Serpentinomonas mccroryi"
"1642","Klebsiella quasipneumoniae"
"1643","Alistipes timonensis"
"1644","Holdemania massiliensis"
"1645","Neisseria arctica"
"1646","Alistipes ihumii"
"1647","Aestuariivita boseongensis"
"1648","Enorma massiliensis"
"1649","Senegalimassilia anaerobia"
"1650","Mizugakiibacter sediminis"
"1651","Labilibacter marinus"
"1652","Mariniphaga anaerophila"
"1653","Pantoea sp. PSNIH2"
"1654","Rhodoferax saidenbachensis"
"1655","Flavobacterium seoulense"
"1656","Chryseobacterium shandongense"
"1657","Pseudomonas sp. WCS374"
"1658","Paracoccus mutanolyticus"
"1659","Bacillus rubiinfantis"
"1660","Escherichia marmotae"
"1661","Neosynechococcus sphagnicola"
"1662","Alistipes inops"
"1663","Coprobacter secundus"
"1664","Veillonella seminalis"
"1665","bacterium LF-3"
"1666","Dakarella massiliensis"
"1667","Sphingopyxis flava"
"1668","Rouxiella chamberiensis"
"1669","Colwellia marinimaniae"
"1670","Erysipelothrix larvae"
"1671","Sphingopyxis fribergensis"
"1672","Shewanella mangrovi"
"1673","Aquimixticola soesokkakensis"
"1674","Tessaracoccus massiliensis"
"1675","Sphingomonas sp. AAP5"
"1676","Phaeodactylibacter xiamenensis"
"1677","Bosea vaviloviae"
"1678","Brevundimonas sp. DS20"
"1679","Paracoccus sanguinis"
"1680","Sanguibacteroides justesenii"
"1681","Ideonella sakaiensis"
"1682","Ruthenibacterium lactatiformans"
"1683","Blastomonas fulva"
"1684","Enterobacter sp. E20"
"1685","Citrobacter pasteurii"
"1686","Rugosibacter aromaticivorans"
"1687","Phaeobacter piscinae"
"1688","Gudongella oleilytica"
"1689","Acinetobacter populi"
"1690","Pseudomonas cerasi"
"1691","Sphingobium phenoxybenzoativorans"
"1692","Lysobacter tolerans"
"1693","Lysobacter maris"
"1694","Acinetobacter sp. NCu2D-2"
"1695","Streptococcus varani"
"1696","Lampropedia cohaerens"
"1697","Tessaracoccus flavus"
"1698","Pseudomonas sp. MRSN12121"
"1699","Niveispirillum cyanobacteriorum"
"1700","Pararhizobium polonicum"
"1701","Pseudomonas lactis"
"1702","Candidatus Saccharibacteria bacterium GW2011_GWC2_44_17"
"1703","Anaerobium acetethylicum"
"1704","Kordia zhangzhouensis"
"1705","Acinetobacter sp. ACNIH1"
"1706","Aeromonas sp. ASNIH1"
"1707","Aeromonas sp. ASNIH2"
"1708","Aeromonas sp. ASNIH3"
"1709","Aeromonas sp. ASNIH4"
"1710","Pseudomonas sp. PONIH3"
"1711","Citrobacter portucalensis"
"1712","Williamwhitmania taraxaci"
"1713","Enterococcus massiliensis"
"1714","Roseovarius atlanticus"
"1715","Petrimonas mucosa"
"1716","candidate division SR1 bacterium Aalborg_AAW-1"
"1717","Janthinobacterium sp. 1_2014MBL_MicDiv"
"1718","Acinetobacter sp. TTH0-4"
"1719","Clostridium phoceensis"
"1720","Fournierella massiliensis"
"1721","Sellimonas intestinalis"
"1722","Merdimonas faecis"
"1723","Ottowia sp. oral taxon 894"
"1724","Roseibaca calidilacus"
"1725","Nitratireductor soli"
"1726","Mesorhizobium oceanicum"
"1727","Anaeromassilibacillus senegalensis"
"1728","Limnohabitans sp. 63ED37-2"
"1729","Pseudorhodobacter psychrotolerans"
"1730","Marinibacterium profundimaris"
"1731","Enterobacter sp. FY-07"
"1732","Psychrobacter sp. P11F6"
"1733","Psychrobacter sp. P2G3"
"1734","Psychrobacter sp. P11G3"
"1735","Psychrobacter sp. P11G5"
"1736","Citrobacter sp. CRE-46"
"1737","Burkholderia sp. IDO3"
"1738","Streptobacillus notomytis"
"1739","Turicibacter sp. H121"
"1740","Microbacterium sp. No. 7"
"1741","Pseudomonas yangmingensis"
"1742","Actinomyces provencensis"
"1743","Anaerotruncus rubiinfantis"
"1744","Xanthomonas massiliensis"
"1745","Psychrobacter sp. AntiMn-1"
"1746","Bariatricus massiliensis"
"1747","Elizabethkingia bruuniana"
"1748","Aeromonas sp. ASNIH5"
"1749","Acinetobacter sp. ACNIH2"
"1750","Achromobacter sp. AONIH1"
"1751","Serratia sp. SSNIH1"
"1752","Flavobacterium crassostreae"
"1753","Hydrogenophaga crassostreae"
"1754","Paucibacter sp. KCTC 42545"
"1755","Oceanivirga salmonicida"
"1756","Neglecta timonensis"
"1757","Emergencia timonensis"
"1758","Romboutsia timonensis"
"1759","Massilimicrobiota timonensis"
"1760","Dickeya fangzhongdai"
"1761","Pseudomonas versuta"
"1762","Anaerosporomusa subterranea"
"1763","Variovorax sp. PAMC 28711"
"1764","Cupriavidus nantongensis"
"1765","Bacteroides caecimuris"
"1766","Christensenella massiliensis"
"1767","Acinetobacter sp. LoGeW2-3"
"1768","Acinetobacter sp. DUT-2"
"1769","Enterobacter roggenkampii"
"1770","Christensenella timonensis"
"1771","Pseudomonas sp. MYb193"
"1772","Brevundimonas sp. GW460-12-10-14-LB2"
"1773","Enterobacter sp. ODB01"
"1774","Streptococcus sp. FDAARGOS_192"
"1775","Culturomica massiliensis"
"1776","Mediterranea massiliensis"
"1777","Provencibacterium massiliense"
"1778","Acidovorax sp. RAC01"
"1779","Sinorhizobium sp. RAC02"
"1780","Blastomonas sp. RAC04"
"1781","Hydrogenophaga sp. RAC07"
"1782","Rhodoferax koreense"
"1783","Sphingobium sp. RAC03"
"1784","Curvibacter sp. AEP1-3"
"1785","Hafnia sp. CBA7124"
"1786","Rhizorhabdus dicambivorans"
"1787","Rhodobacter sp. LPB0142"
"1788","Bacteroides ihuae"
"1789","Prevotellamassilia timonensis"
"1790","Duodenibacillus massiliensis"
"1791","Neisseria chenwenguii"
"1792","Pseudomonas sp. Z003-0.4C(8344-21)"
"1793","Sphingobium sp. EP60837"
"1794","Acidovorax sp. T1"
"1795","Ileibacterium valens"
"1796","Sphingopyxis sp. MG"
"1797","Enterobacter sp. HK169"
"1798","Rhizobium sp. S41"
"1799","Massilioclostridium coli"
"1800","Alterileibacterium massiliense"
"1801","Collinsella phocaeensis"
"1802","Angelakisella massiliensis"
"1803","Lachnoclostridium phocaeense"
"1804","Intestinibacillus massiliensis"
"1805","Merdibacter massiliensis"
"1806","Negativibacillus massiliensis"
"1807","Pseudaminobacter manganicus"
"1808","Microbacteriaceae bacterium"
"1809","Sphingopyxis sp. EG6"
"1810","Mycobacterium sp. djl-10"
"1811","Acinetobacter sp. WCHAc010034"
"1812","Acinetobacter wuhouensis"
"1813","Pseudomonas sp. TMW 2.1634"
"1814","Acinetobacter celticus"
"1815","Luteimonas sp. JM171"
"1816","Clostridiales bacterium"
"1817","Pseudomonas sp. LPH1"
"1818","Candidatus Melainabacteria bacterium MEL.A1"
"1819","Traorella massiliensis"
"1820","Jeotgalibaca sp. PTS2502"
"1821","Arcobacter lekithochrous"
"1822","Stenotrophomonas sp. LM091"
"1823","Klebsiella sp. LTGPAF-6F"
"1824","Collinsella bouchesdurhonensis"
"1825","Tessaracoccus sp. T2.5-30"
"1826","Sulfuritortus calidifontis"
"1827","Sphingopyxis sp. FD7"
"1828","Enterobacter cloacae complex sp. ECNIH7"
"1829","Streptococcus ruminantium"
"1830","Prevotella ihumii"
"1831","Aeromonas sp. ASNIH7"
"1832","Enterobacteriaceae bacterium ENNIH2"
"1833","Citrobacter sp. CFNIH10"
"1834","Leclercia sp. LSNIH1"
"1835","Leclercia sp. LSNIH3"
"1836","Delftia sp. HK171"
"1837","Tardibacter chloracetimidivorans"
"1838","Shewanella sp. FDAARGOS_354"
"1839","Klebsiella sp. M5al"
"1840","Aquaspirillum sp. LM1"
"1841","Brevundimonas sp. LM2"
"1842","Janthinobacterium sp. LM6"
"1843","Paracoccus contaminans"
"1844","Phytobacter ursingii"
"1845","Klebsiella sp. PO552"
"1846","Enterobacter sp. Crenshaw"
"1847","Petrimonas sp. IBARAKI"
"1848","Denitratisoma sp. DHT3"
"1849","Xanthomonas phaseoli"
"1850","Sulfuriferula sp. AH1"
"1851","Brevefilum fermentans"
"1852","Sphingobacterium sp. G1-14"
"1853","Parolsenella catena"
"1854","Acinetobacter sp. WCHA45"
"1855","Acinetobacter sp. WCHA55"
"1856","Acinetobacter sp. WCHAc010052"
"1857","Acinetobacter chinensis"
"1858","Pseudomonas sp. RU47"
"1859","Thauera sp. K11"
"1860","Bosea sp. AS-1"
"1861","Klebsiella sp. LY"
"1862","Roseomonas sp. FDAARGOS_362"
"1863","Pseudomonas sp. FDAARGOS_380"
"1864","Shewanella bicestrii"
"1865","Pseudomonas sp. NS1(2017)"
"1866","Parabacteroides sp. CT06"
"1867","Klebsiella quasivariicola"
"1868","Azoarcus sp. DD4"
"1869","Shewanella sp. WE21"
"1870","Aeromonas sp. CA23"
"1871","Aeromonas sp. CU5"
"1872","Chryseobacterium sp. 6424"
"1873","Pseudomonas sp. HLS-6"
"1874","Pseudomonas sp. ACM7"
"1875","Sphingopyxis lindanitolerans"
"1876","Pseudomonas sp. 02C 26"
"1877","Pseudomonas sp. S09G 359"
"1878","Bradyrhizobium sp. SK17"
"1879","Klebsiella grimontii"
"1880","Gordonia sp. YC-JH1"
"1881","Enterococcus sp. FDAARGOS_375"
"1882","Paracoccus jeotgali"
"1883","Altererythrobacter sp. TH136"
"1884","Pseudomonas sp. NC02"
"1885","Pseudomonas sp. XWY-1"
"1886","Pseudomonas sp. DTU12.3"
"1887","Enterobacter cloacae complex sp. FDA-CDC-AR_0164"
"1888","Enterobacter cloacae complex sp. FDA-CDC-AR_0132"
"1889","Citrobacter freundii complex sp. CFNIH3"
"1890","Citrobacter freundii complex sp. CFNIH4"
"1891","Citrobacter freundii complex sp. CFNIH9"
"1892","Acinetobacter sp. SWBY1"
"1893","Zoogloeaceae bacteirum Par-f-2"
"1894","Sphingobium sp. YG1"
"1895","Pseudomonas sp. LG1D9"
"1896","Pseudomonas sp. LH1G9"
"1897","Massilistercora timonensis"
"1898","Butyricimonas faecalis"
"1899","Dysosmobacter welbionis"
"1900","Victivallales bacterium CCUG 44730"
"1901","Lactobacillus paragasseri"
"1902","Olsenella sp. GAM18"
"1903","Oscillibacter sp. PEA192"
"1904","Clostridiales bacterium CCNA10"
"1905","Lachnospiraceae bacterium Choco86"
"1906","Lachnospiraceae bacterium GAM79"
"1907","Erysipelotrichaceae bacterium GAM147"
"1908","Ottowia oryzae"
"1909","Simplicispira suum"
"1910","Pulveribacter suum"
"1911","Pseudomonas sp. LBUM920"
"1912","Variovorax sp. PMC12"
"1913","Acinetobacter cumulans"
"1914","Klebsiella huaxiensis"
"1915","Dialister massiliensis"
"1916","Pseudomonas sp. SXM-1"
"1917","Miniimonas sp. S16"
"1918","Thauera hydrothermalis"
"1919","Hydrogenophaga sp. NH-16"
"1920","Acetobacterium sp. KB-1"
"1921","Pseudomonas sp. 31-12"
"1922","Psychrobacter sp. YP14"
"1923","Stenotrophomonas sp. pho"
"1924","Pseudomonas sp. LG1E9"
"1925","Sphingomonas sp. FARSPH"
"1926","Alteromonas sp. RKMC-009"
"1927","Ephemeroptericola cinctiostellae"
"1928","Polaromonas sp. SP1"
"1929","Stenotrophomonas sp. ASS1"
"1930","Yersinia hibernica"
"1931","Alistipes megaguti"
"1932","Acinetobacter sp. FDAARGOS_493"
"1933","Enterococcus sp. FDAARGOS_553"
"1934","Acidovorax sp. 1608163"
"1935","Pseudomonas sp. LTGT-11-2Z"
"1936","Blautia sp. SC05B48"
"1937","Ruminococcaceae bacterium"
"1938","Epilithonimonas vandammei"
"1939","Metakosakonia sp. MRY16-398"
"1940","Klebsiella sp. FDAARGOS_511"
"1941","Pectobacterium versatile"
"1942","Sphingomonas sp. C8-2"
"1943","Tabrizicola piscis"
"1944","Pseudomonas sp. MPC6"
"1945","Paracoccus sp. Arc7-R13"
"1946","Salmonella sp. SSDFZ54"
"1947","Luteimonas sp. YGD11-2"
"1948","Rhodoferax sediminis"
"1949","Psychrobacter sp. KH172YL61"
"1950","Bacteroides sp. A1C1"
"1951","Citrobacter sp. ABFQG"
"1952","Marinobacter sp. JH2"
"1953","Porphyrobacter sp. YT40"
"1954","Paracoccus liaowanqingii"
"1955","Brevundimonas sp. MF30-B"
"1956","Sphingobium sp. PAMC28499"
"1957","Psychrobacter sp. PAMC27889"
"1958","Luteimonas yindakuii"
"1959","Citrobacter sp. CF971"
"1960","Brevibacterium sp. CS2"
"1961","Pseudomonas sp. KBS0802"
"1962","Brevundimonas sp. SGAir0440"
"1963","Dialister hominis"
"1964","Longibaculum sp. KGMB06250"
"1965","Sutterella faecalis"
"1966","Alistipes communis"
"1967","Alistipes dispar"
"1968","Pseudomonas sp. NIBRBAC000502773"
"1969","Chryseobacterium sp. SNU WT5"
"1970","Corynebacterium sanguinis"
"1971","Pseudomonas sp. BJP69"
"1972","Rhizobium sp. WL3"
"1973","Enterococcus sp. DA9"
"1974","Lysobacter oculi"
"1975","Phocea massiliensis"
